--------------------------------------------------------
--  Arquivo criado - Quarta-feira-Novembro-28-2018   
--------------------------------------------------------
DROP SEQUENCE "TRABALHOBD"."SQ_ATLETA";
DROP SEQUENCE "TRABALHOBD"."SQ_ATLETA_PROVA";
DROP SEQUENCE "TRABALHOBD"."SQ_MODALIDADE";
DROP SEQUENCE "TRABALHOBD"."SQ_PROVA";
DROP TABLE "TRABALHOBD"."TB_ATLETA" cascade constraints;
DROP TABLE "TRABALHOBD"."TB_ATLETA_PROVA" cascade constraints;
DROP TABLE "TRABALHOBD"."TB_MODALIDADE" cascade constraints;
DROP TABLE "TRABALHOBD"."TB_PROVA" cascade constraints;
--------------------------------------------------------
--  DDL for Sequence SQ_ATLETA
--------------------------------------------------------

   CREATE SEQUENCE  "TRABALHOBD"."SQ_ATLETA"  MINVALUE 1 MAXVALUE 9999999999999999999999999999 INCREMENT BY 1 START WITH 53 NOCACHE  NOORDER  NOCYCLE ;
--------------------------------------------------------
--  DDL for Sequence SQ_ATLETA_PROVA
--------------------------------------------------------

   CREATE SEQUENCE  "TRABALHOBD"."SQ_ATLETA_PROVA"  MINVALUE 1 MAXVALUE 9999999999999999999999999999 INCREMENT BY 1 START WITH 74 NOCACHE  NOORDER  NOCYCLE ;
--------------------------------------------------------
--  DDL for Sequence SQ_MODALIDADE
--------------------------------------------------------

   CREATE SEQUENCE  "TRABALHOBD"."SQ_MODALIDADE"  MINVALUE 1 MAXVALUE 9999999999999999999999999999 INCREMENT BY 1 START WITH 13 NOCACHE  NOORDER  NOCYCLE ;
--------------------------------------------------------
--  DDL for Sequence SQ_PROVA
--------------------------------------------------------

   CREATE SEQUENCE  "TRABALHOBD"."SQ_PROVA"  MINVALUE 1 MAXVALUE 9999999999999999999999999999 INCREMENT BY 1 START WITH 29 NOCACHE  NOORDER  NOCYCLE ;
--------------------------------------------------------
--  DDL for Table TB_ATLETA
--------------------------------------------------------

  CREATE TABLE "TRABALHOBD"."TB_ATLETA" 
   (	"COD_ATLETA" NUMBER(*,0), 
	"COD_MODALIDADE" NUMBER(*,0), 
	"NOME" VARCHAR2(50 BYTE), 
	"APELIDO" VARCHAR2(30 BYTE), 
	"SEXO" CHAR(1 BYTE), 
	"CPF" VARCHAR2(14 BYTE), 
	"TELEFONE" VARCHAR2(15 BYTE), 
	"DT_NASCIMENTO" DATE, 
	"DT_INSCRICAO" DATE
   ) SEGMENT CREATION IMMEDIATE 
  PCTFREE 10 PCTUSED 40 INITRANS 1 MAXTRANS 255 NOCOMPRESS LOGGING
  STORAGE(INITIAL 65536 NEXT 1048576 MINEXTENTS 1 MAXEXTENTS 2147483645
  PCTINCREASE 0 FREELISTS 1 FREELIST GROUPS 1 BUFFER_POOL DEFAULT FLASH_CACHE DEFAULT CELL_FLASH_CACHE DEFAULT)
  TABLESPACE "USERS" ;
--------------------------------------------------------
--  DDL for Table TB_ATLETA_PROVA
--------------------------------------------------------

  CREATE TABLE "TRABALHOBD"."TB_ATLETA_PROVA" 
   (	"COD_ATLETA_PROVA" NUMBER(*,0), 
	"COD_ATLETA" NUMBER(*,0), 
	"COD_PROVA" NUMBER(*,0)
   ) SEGMENT CREATION IMMEDIATE 
  PCTFREE 10 PCTUSED 40 INITRANS 1 MAXTRANS 255 NOCOMPRESS LOGGING
  STORAGE(INITIAL 65536 NEXT 1048576 MINEXTENTS 1 MAXEXTENTS 2147483645
  PCTINCREASE 0 FREELISTS 1 FREELIST GROUPS 1 BUFFER_POOL DEFAULT FLASH_CACHE DEFAULT CELL_FLASH_CACHE DEFAULT)
  TABLESPACE "USERS" ;
--------------------------------------------------------
--  DDL for Table TB_MODALIDADE
--------------------------------------------------------

  CREATE TABLE "TRABALHOBD"."TB_MODALIDADE" 
   (	"COD_MODALIDADE" NUMBER(*,0), 
	"DESC_MODALIDADE" VARCHAR2(50 BYTE)
   ) SEGMENT CREATION IMMEDIATE 
  PCTFREE 10 PCTUSED 40 INITRANS 1 MAXTRANS 255 NOCOMPRESS LOGGING
  STORAGE(INITIAL 65536 NEXT 1048576 MINEXTENTS 1 MAXEXTENTS 2147483645
  PCTINCREASE 0 FREELISTS 1 FREELIST GROUPS 1 BUFFER_POOL DEFAULT FLASH_CACHE DEFAULT CELL_FLASH_CACHE DEFAULT)
  TABLESPACE "USERS" ;
--------------------------------------------------------
--  DDL for Table TB_PROVA
--------------------------------------------------------

  CREATE TABLE "TRABALHOBD"."TB_PROVA" 
   (	"COD_PROVA" NUMBER(*,0), 
	"COD_MODALIDADE" NUMBER(*,0), 
	"DESC_PROVA" VARCHAR2(50 BYTE), 
	"PONTOS" NUMBER(9,0)
   ) SEGMENT CREATION IMMEDIATE 
  PCTFREE 10 PCTUSED 40 INITRANS 1 MAXTRANS 255 NOCOMPRESS LOGGING
  STORAGE(INITIAL 65536 NEXT 1048576 MINEXTENTS 1 MAXEXTENTS 2147483645
  PCTINCREASE 0 FREELISTS 1 FREELIST GROUPS 1 BUFFER_POOL DEFAULT FLASH_CACHE DEFAULT CELL_FLASH_CACHE DEFAULT)
  TABLESPACE "USERS" ;
REM INSERTING into TRABALHOBD.TB_ATLETA
SET DEFINE OFF;
Insert into TRABALHOBD.TB_ATLETA (COD_ATLETA,COD_MODALIDADE,NOME,APELIDO,SEXO,CPF,TELEFONE,DT_NASCIMENTO,DT_INSCRICAO) values ('38','6','Gabriela Gomes','GABI','F','014.465.309-92','49-9988-4546',to_date('17/11/95','DD/MM/RR'),to_date('25/11/18','DD/MM/RR'));
Insert into TRABALHOBD.TB_ATLETA (COD_ATLETA,COD_MODALIDADE,NOME,APELIDO,SEXO,CPF,TELEFONE,DT_NASCIMENTO,DT_INSCRICAO) values ('33','5','Fernanda Silva','FER','F','045.321.852-41','45-9874-5234  ',to_date('10/04/97','DD/MM/RR'),to_date('25/11/18','DD/MM/RR'));
Insert into TRABALHOBD.TB_ATLETA (COD_ATLETA,COD_MODALIDADE,NOME,APELIDO,SEXO,CPF,TELEFONE,DT_NASCIMENTO,DT_INSCRICAO) values ('35','5','Roberto Carlos Da Silveira','ROBERTO CARLOS','M','041.789.623-15','48-9845-8245   ',to_date('12/08/99','DD/MM/RR'),to_date('25/11/18','DD/MM/RR'));
Insert into TRABALHOBD.TB_ATLETA (COD_ATLETA,COD_MODALIDADE,NOME,APELIDO,SEXO,CPF,TELEFONE,DT_NASCIMENTO,DT_INSCRICAO) values ('37','5','Pedro Vinicius Gotardo','VINICIUS','M','045.678.932-15','41-3264-6564',to_date('10/12/93','DD/MM/RR'),to_date('25/11/18','DD/MM/RR'));
Insert into TRABALHOBD.TB_ATLETA (COD_ATLETA,COD_MODALIDADE,NOME,APELIDO,SEXO,CPF,TELEFONE,DT_NASCIMENTO,DT_INSCRICAO) values ('39','5','Gabriela Velles','GABRIELA','F','014.785.235-56','43-8887-4521',to_date('07/04/91','DD/MM/RR'),to_date('26/11/18','DD/MM/RR'));
Insert into TRABALHOBD.TB_ATLETA (COD_ATLETA,COD_MODALIDADE,NOME,APELIDO,SEXO,CPF,TELEFONE,DT_NASCIMENTO,DT_INSCRICAO) values ('41','5','Victor Montes','MONTES','M','023.478.125-65',null,to_date('13/04/98','DD/MM/RR'),to_date('26/11/18','DD/MM/RR'));
Insert into TRABALHOBD.TB_ATLETA (COD_ATLETA,COD_MODALIDADE,NOME,APELIDO,SEXO,CPF,TELEFONE,DT_NASCIMENTO,DT_INSCRICAO) values ('42','5','Paulo Cesar','PAULO','M','012.345.678-90',' ',to_date('09/10/93','DD/MM/RR'),to_date('26/11/18','DD/MM/RR'));
Insert into TRABALHOBD.TB_ATLETA (COD_ATLETA,COD_MODALIDADE,NOME,APELIDO,SEXO,CPF,TELEFONE,DT_NASCIMENTO,DT_INSCRICAO) values ('43','6','Ygor Venance','YGOR','F','013.478.965-12','      ',to_date('25/11/97','DD/MM/RR'),to_date('26/11/18','DD/MM/RR'));
Insert into TRABALHOBD.TB_ATLETA (COD_ATLETA,COD_MODALIDADE,NOME,APELIDO,SEXO,CPF,TELEFONE,DT_NASCIMENTO,DT_INSCRICAO) values ('46','5','Camila Velasco','VELASCO','F','014.725.836-95','47-8445-2314',to_date('09/07/98','DD/MM/RR'),to_date('27/11/18','DD/MM/RR'));
Insert into TRABALHOBD.TB_ATLETA (COD_ATLETA,COD_MODALIDADE,NOME,APELIDO,SEXO,CPF,TELEFONE,DT_NASCIMENTO,DT_INSCRICAO) values ('47','5','Alex Teixeira','ALEX','M','023.147.258-65','41-9975-5555  ',to_date('06/02/96','DD/MM/RR'),to_date('27/11/18','DD/MM/RR'));
Insert into TRABALHOBD.TB_ATLETA (COD_ATLETA,COD_MODALIDADE,NOME,APELIDO,SEXO,CPF,TELEFONE,DT_NASCIMENTO,DT_INSCRICAO) values ('48','5','Lucas Ferdinando','FERDINANDO','M','032.147.896-65','49-8487-9898',to_date('11/07/94','DD/MM/RR'),to_date('27/11/18','DD/MM/RR'));
Insert into TRABALHOBD.TB_ATLETA (COD_ATLETA,COD_MODALIDADE,NOME,APELIDO,SEXO,CPF,TELEFONE,DT_NASCIMENTO,DT_INSCRICAO) values ('49','6','Fernanda Alves','FERNANDA','F','088.741.258-96','59-8808-4745 ',to_date('09/08/95','DD/MM/RR'),to_date('27/11/18','DD/MM/RR'));
Insert into TRABALHOBD.TB_ATLETA (COD_ATLETA,COD_MODALIDADE,NOME,APELIDO,SEXO,CPF,TELEFONE,DT_NASCIMENTO,DT_INSCRICAO) values ('50','5','Alexandro Fuchs','ALEXANDRO','M','088.765.789-35','45-9988-1024',to_date('05/01/96','DD/MM/RR'),to_date('28/11/18','DD/MM/RR'));
Insert into TRABALHOBD.TB_ATLETA (COD_ATLETA,COD_MODALIDADE,NOME,APELIDO,SEXO,CPF,TELEFONE,DT_NASCIMENTO,DT_INSCRICAO) values ('51','12','Felipe Silveira','SILVEIRA','M','074.121.145-45',null,to_date('10/10/00','DD/MM/RR'),to_date('28/11/18','DD/MM/RR'));
Insert into TRABALHOBD.TB_ATLETA (COD_ATLETA,COD_MODALIDADE,NOME,APELIDO,SEXO,CPF,TELEFONE,DT_NASCIMENTO,DT_INSCRICAO) values ('52','12','Daniela Cannedo','DANI CANNEDO','F','032.145.478-95','45-1321-65498',to_date('12/10/94','DD/MM/RR'),to_date('28/11/18','DD/MM/RR'));
REM INSERTING into TRABALHOBD.TB_ATLETA_PROVA
SET DEFINE OFF;
Insert into TRABALHOBD.TB_ATLETA_PROVA (COD_ATLETA_PROVA,COD_ATLETA,COD_PROVA) values ('3','46','9');
Insert into TRABALHOBD.TB_ATLETA_PROVA (COD_ATLETA_PROVA,COD_ATLETA,COD_PROVA) values ('4','46','10');
Insert into TRABALHOBD.TB_ATLETA_PROVA (COD_ATLETA_PROVA,COD_ATLETA,COD_PROVA) values ('43','47','9');
Insert into TRABALHOBD.TB_ATLETA_PROVA (COD_ATLETA_PROVA,COD_ATLETA,COD_PROVA) values ('44','47','10');
Insert into TRABALHOBD.TB_ATLETA_PROVA (COD_ATLETA_PROVA,COD_ATLETA,COD_PROVA) values ('7','48','9');
Insert into TRABALHOBD.TB_ATLETA_PROVA (COD_ATLETA_PROVA,COD_ATLETA,COD_PROVA) values ('8','48','10');
Insert into TRABALHOBD.TB_ATLETA_PROVA (COD_ATLETA_PROVA,COD_ATLETA,COD_PROVA) values ('17','39','20');
Insert into TRABALHOBD.TB_ATLETA_PROVA (COD_ATLETA_PROVA,COD_ATLETA,COD_PROVA) values ('18','41','20');
Insert into TRABALHOBD.TB_ATLETA_PROVA (COD_ATLETA_PROVA,COD_ATLETA,COD_PROVA) values ('19','46','20');
Insert into TRABALHOBD.TB_ATLETA_PROVA (COD_ATLETA_PROVA,COD_ATLETA,COD_PROVA) values ('45','47','20');
Insert into TRABALHOBD.TB_ATLETA_PROVA (COD_ATLETA_PROVA,COD_ATLETA,COD_PROVA) values ('21','48','20');
Insert into TRABALHOBD.TB_ATLETA_PROVA (COD_ATLETA_PROVA,COD_ATLETA,COD_PROVA) values ('52','33','9');
Insert into TRABALHOBD.TB_ATLETA_PROVA (COD_ATLETA_PROVA,COD_ATLETA,COD_PROVA) values ('55','42','9');
Insert into TRABALHOBD.TB_ATLETA_PROVA (COD_ATLETA_PROVA,COD_ATLETA,COD_PROVA) values ('49','50','20');
Insert into TRABALHOBD.TB_ATLETA_PROVA (COD_ATLETA_PROVA,COD_ATLETA,COD_PROVA) values ('50','49','6');
Insert into TRABALHOBD.TB_ATLETA_PROVA (COD_ATLETA_PROVA,COD_ATLETA,COD_PROVA) values ('47','50','9');
Insert into TRABALHOBD.TB_ATLETA_PROVA (COD_ATLETA_PROVA,COD_ATLETA,COD_PROVA) values ('48','50','10');
Insert into TRABALHOBD.TB_ATLETA_PROVA (COD_ATLETA_PROVA,COD_ATLETA,COD_PROVA) values ('51','49','7');
Insert into TRABALHOBD.TB_ATLETA_PROVA (COD_ATLETA_PROVA,COD_ATLETA,COD_PROVA) values ('53','33','10');
Insert into TRABALHOBD.TB_ATLETA_PROVA (COD_ATLETA_PROVA,COD_ATLETA,COD_PROVA) values ('54','33','20');
Insert into TRABALHOBD.TB_ATLETA_PROVA (COD_ATLETA_PROVA,COD_ATLETA,COD_PROVA) values ('56','42','10');
Insert into TRABALHOBD.TB_ATLETA_PROVA (COD_ATLETA_PROVA,COD_ATLETA,COD_PROVA) values ('57','42','20');
Insert into TRABALHOBD.TB_ATLETA_PROVA (COD_ATLETA_PROVA,COD_ATLETA,COD_PROVA) values ('58','37','9');
Insert into TRABALHOBD.TB_ATLETA_PROVA (COD_ATLETA_PROVA,COD_ATLETA,COD_PROVA) values ('59','37','10');
Insert into TRABALHOBD.TB_ATLETA_PROVA (COD_ATLETA_PROVA,COD_ATLETA,COD_PROVA) values ('60','37','20');
Insert into TRABALHOBD.TB_ATLETA_PROVA (COD_ATLETA_PROVA,COD_ATLETA,COD_PROVA) values ('61','35','9');
Insert into TRABALHOBD.TB_ATLETA_PROVA (COD_ATLETA_PROVA,COD_ATLETA,COD_PROVA) values ('62','35','10');
Insert into TRABALHOBD.TB_ATLETA_PROVA (COD_ATLETA_PROVA,COD_ATLETA,COD_PROVA) values ('63','35','20');
Insert into TRABALHOBD.TB_ATLETA_PROVA (COD_ATLETA_PROVA,COD_ATLETA,COD_PROVA) values ('64','43','6');
Insert into TRABALHOBD.TB_ATLETA_PROVA (COD_ATLETA_PROVA,COD_ATLETA,COD_PROVA) values ('65','43','7');
Insert into TRABALHOBD.TB_ATLETA_PROVA (COD_ATLETA_PROVA,COD_ATLETA,COD_PROVA) values ('66','51','25');
Insert into TRABALHOBD.TB_ATLETA_PROVA (COD_ATLETA_PROVA,COD_ATLETA,COD_PROVA) values ('67','51','21');
Insert into TRABALHOBD.TB_ATLETA_PROVA (COD_ATLETA_PROVA,COD_ATLETA,COD_PROVA) values ('68','51','23');
Insert into TRABALHOBD.TB_ATLETA_PROVA (COD_ATLETA_PROVA,COD_ATLETA,COD_PROVA) values ('69','51','28');
Insert into TRABALHOBD.TB_ATLETA_PROVA (COD_ATLETA_PROVA,COD_ATLETA,COD_PROVA) values ('70','52','25');
Insert into TRABALHOBD.TB_ATLETA_PROVA (COD_ATLETA_PROVA,COD_ATLETA,COD_PROVA) values ('71','52','21');
Insert into TRABALHOBD.TB_ATLETA_PROVA (COD_ATLETA_PROVA,COD_ATLETA,COD_PROVA) values ('72','52','23');
Insert into TRABALHOBD.TB_ATLETA_PROVA (COD_ATLETA_PROVA,COD_ATLETA,COD_PROVA) values ('73','52','28');
REM INSERTING into TRABALHOBD.TB_MODALIDADE
SET DEFINE OFF;
Insert into TRABALHOBD.TB_MODALIDADE (COD_MODALIDADE,DESC_MODALIDADE) values ('5','ARREMESSOS E LANCAMENTOS');
Insert into TRABALHOBD.TB_MODALIDADE (COD_MODALIDADE,DESC_MODALIDADE) values ('6','SALTOS');
Insert into TRABALHOBD.TB_MODALIDADE (COD_MODALIDADE,DESC_MODALIDADE) values ('12','CORRIDAS');
REM INSERTING into TRABALHOBD.TB_PROVA
SET DEFINE OFF;
Insert into TRABALHOBD.TB_PROVA (COD_PROVA,COD_MODALIDADE,DESC_PROVA,PONTOS) values ('9','5',' ARREMESSO DE PESO ','300');
Insert into TRABALHOBD.TB_PROVA (COD_PROVA,COD_MODALIDADE,DESC_PROVA,PONTOS) values ('10','5',' LANCAMENTO DE MARTELO ','300');
Insert into TRABALHOBD.TB_PROVA (COD_PROVA,COD_MODALIDADE,DESC_PROVA,PONTOS) values ('6','6','SALTO EM DISTANCIA',null);
Insert into TRABALHOBD.TB_PROVA (COD_PROVA,COD_MODALIDADE,DESC_PROVA,PONTOS) values ('7','6','SALTO EM ALTURA',null);
Insert into TRABALHOBD.TB_PROVA (COD_PROVA,COD_MODALIDADE,DESC_PROVA,PONTOS) values ('20','5','LANCAMENTO DE DARDO',null);
Insert into TRABALHOBD.TB_PROVA (COD_PROVA,COD_MODALIDADE,DESC_PROVA,PONTOS) values ('25','12','CORRIDA 400M RASOS',null);
Insert into TRABALHOBD.TB_PROVA (COD_PROVA,COD_MODALIDADE,DESC_PROVA,PONTOS) values ('21','12','CORRIDA 100M RASOS',null);
Insert into TRABALHOBD.TB_PROVA (COD_PROVA,COD_MODALIDADE,DESC_PROVA,PONTOS) values ('23','12','CORRIDA 200M RASOS',null);
Insert into TRABALHOBD.TB_PROVA (COD_PROVA,COD_MODALIDADE,DESC_PROVA,PONTOS) values ('28','12','CORRIDA COM OBSTACULOS 100M',null);
--------------------------------------------------------
--  DDL for Index PK_ATLETA_PROVA
--------------------------------------------------------

  CREATE UNIQUE INDEX "TRABALHOBD"."PK_ATLETA_PROVA" ON "TRABALHOBD"."TB_ATLETA_PROVA" ("COD_ATLETA_PROVA") 
  PCTFREE 10 INITRANS 2 MAXTRANS 255 COMPUTE STATISTICS 
  STORAGE(INITIAL 65536 NEXT 1048576 MINEXTENTS 1 MAXEXTENTS 2147483645
  PCTINCREASE 0 FREELISTS 1 FREELIST GROUPS 1 BUFFER_POOL DEFAULT FLASH_CACHE DEFAULT CELL_FLASH_CACHE DEFAULT)
  TABLESPACE "USERS" ;
--------------------------------------------------------
--  DDL for Index UK_CPF
--------------------------------------------------------

  CREATE UNIQUE INDEX "TRABALHOBD"."UK_CPF" ON "TRABALHOBD"."TB_ATLETA" ("CPF") 
  PCTFREE 10 INITRANS 2 MAXTRANS 255 COMPUTE STATISTICS 
  STORAGE(INITIAL 65536 NEXT 1048576 MINEXTENTS 1 MAXEXTENTS 2147483645
  PCTINCREASE 0 FREELISTS 1 FREELIST GROUPS 1 BUFFER_POOL DEFAULT FLASH_CACHE DEFAULT CELL_FLASH_CACHE DEFAULT)
  TABLESPACE "USERS" ;
--------------------------------------------------------
--  DDL for Index PK_MODALIDADE
--------------------------------------------------------

  CREATE UNIQUE INDEX "TRABALHOBD"."PK_MODALIDADE" ON "TRABALHOBD"."TB_MODALIDADE" ("COD_MODALIDADE") 
  PCTFREE 10 INITRANS 2 MAXTRANS 255 COMPUTE STATISTICS 
  STORAGE(INITIAL 65536 NEXT 1048576 MINEXTENTS 1 MAXEXTENTS 2147483645
  PCTINCREASE 0 FREELISTS 1 FREELIST GROUPS 1 BUFFER_POOL DEFAULT FLASH_CACHE DEFAULT CELL_FLASH_CACHE DEFAULT)
  TABLESPACE "USERS" ;
--------------------------------------------------------
--  DDL for Index PK_ATLETA
--------------------------------------------------------

  CREATE UNIQUE INDEX "TRABALHOBD"."PK_ATLETA" ON "TRABALHOBD"."TB_ATLETA" ("COD_ATLETA") 
  PCTFREE 10 INITRANS 2 MAXTRANS 255 COMPUTE STATISTICS 
  STORAGE(INITIAL 65536 NEXT 1048576 MINEXTENTS 1 MAXEXTENTS 2147483645
  PCTINCREASE 0 FREELISTS 1 FREELIST GROUPS 1 BUFFER_POOL DEFAULT FLASH_CACHE DEFAULT CELL_FLASH_CACHE DEFAULT)
  TABLESPACE "USERS" ;
--------------------------------------------------------
--  DDL for Index PK_PROVA
--------------------------------------------------------

  CREATE UNIQUE INDEX "TRABALHOBD"."PK_PROVA" ON "TRABALHOBD"."TB_PROVA" ("COD_PROVA") 
  PCTFREE 10 INITRANS 2 MAXTRANS 255 COMPUTE STATISTICS 
  STORAGE(INITIAL 65536 NEXT 1048576 MINEXTENTS 1 MAXEXTENTS 2147483645
  PCTINCREASE 0 FREELISTS 1 FREELIST GROUPS 1 BUFFER_POOL DEFAULT FLASH_CACHE DEFAULT CELL_FLASH_CACHE DEFAULT)
  TABLESPACE "USERS" ;
--------------------------------------------------------
--  DDL for Index UK_APELIDO
--------------------------------------------------------

  CREATE UNIQUE INDEX "TRABALHOBD"."UK_APELIDO" ON "TRABALHOBD"."TB_ATLETA" ("APELIDO") 
  PCTFREE 10 INITRANS 2 MAXTRANS 255 COMPUTE STATISTICS 
  STORAGE(INITIAL 65536 NEXT 1048576 MINEXTENTS 1 MAXEXTENTS 2147483645
  PCTINCREASE 0 FREELISTS 1 FREELIST GROUPS 1 BUFFER_POOL DEFAULT FLASH_CACHE DEFAULT CELL_FLASH_CACHE DEFAULT)
  TABLESPACE "USERS" ;
--------------------------------------------------------
--  DDL for Index UK_DESC_PROVA
--------------------------------------------------------

  CREATE UNIQUE INDEX "TRABALHOBD"."UK_DESC_PROVA" ON "TRABALHOBD"."TB_PROVA" ("DESC_PROVA") 
  PCTFREE 10 INITRANS 2 MAXTRANS 255 COMPUTE STATISTICS 
  STORAGE(INITIAL 65536 NEXT 1048576 MINEXTENTS 1 MAXEXTENTS 2147483645
  PCTINCREASE 0 FREELISTS 1 FREELIST GROUPS 1 BUFFER_POOL DEFAULT FLASH_CACHE DEFAULT CELL_FLASH_CACHE DEFAULT)
  TABLESPACE "USERS" ;
--------------------------------------------------------
--  Constraints for Table TB_MODALIDADE
--------------------------------------------------------

  ALTER TABLE "TRABALHOBD"."TB_MODALIDADE" ADD CONSTRAINT "PK_MODALIDADE" PRIMARY KEY ("COD_MODALIDADE")
  USING INDEX PCTFREE 10 INITRANS 2 MAXTRANS 255 COMPUTE STATISTICS 
  STORAGE(INITIAL 65536 NEXT 1048576 MINEXTENTS 1 MAXEXTENTS 2147483645
  PCTINCREASE 0 FREELISTS 1 FREELIST GROUPS 1 BUFFER_POOL DEFAULT FLASH_CACHE DEFAULT CELL_FLASH_CACHE DEFAULT)
  TABLESPACE "USERS"  ENABLE;
  ALTER TABLE "TRABALHOBD"."TB_MODALIDADE" MODIFY ("DESC_MODALIDADE" NOT NULL ENABLE);
  ALTER TABLE "TRABALHOBD"."TB_MODALIDADE" MODIFY ("COD_MODALIDADE" NOT NULL ENABLE);
--------------------------------------------------------
--  Constraints for Table TB_PROVA
--------------------------------------------------------

  ALTER TABLE "TRABALHOBD"."TB_PROVA" ADD CONSTRAINT "PK_PROVA" PRIMARY KEY ("COD_PROVA")
  USING INDEX PCTFREE 10 INITRANS 2 MAXTRANS 255 COMPUTE STATISTICS 
  STORAGE(INITIAL 65536 NEXT 1048576 MINEXTENTS 1 MAXEXTENTS 2147483645
  PCTINCREASE 0 FREELISTS 1 FREELIST GROUPS 1 BUFFER_POOL DEFAULT FLASH_CACHE DEFAULT CELL_FLASH_CACHE DEFAULT)
  TABLESPACE "USERS"  ENABLE;
  ALTER TABLE "TRABALHOBD"."TB_PROVA" MODIFY ("DESC_PROVA" NOT NULL ENABLE);
  ALTER TABLE "TRABALHOBD"."TB_PROVA" MODIFY ("COD_MODALIDADE" NOT NULL ENABLE);
  ALTER TABLE "TRABALHOBD"."TB_PROVA" MODIFY ("COD_PROVA" NOT NULL ENABLE);
--------------------------------------------------------
--  Constraints for Table TB_ATLETA_PROVA
--------------------------------------------------------

  ALTER TABLE "TRABALHOBD"."TB_ATLETA_PROVA" ADD CONSTRAINT "PK_ATLETA_PROVA" PRIMARY KEY ("COD_ATLETA_PROVA")
  USING INDEX PCTFREE 10 INITRANS 2 MAXTRANS 255 COMPUTE STATISTICS 
  STORAGE(INITIAL 65536 NEXT 1048576 MINEXTENTS 1 MAXEXTENTS 2147483645
  PCTINCREASE 0 FREELISTS 1 FREELIST GROUPS 1 BUFFER_POOL DEFAULT FLASH_CACHE DEFAULT CELL_FLASH_CACHE DEFAULT)
  TABLESPACE "USERS"  ENABLE;
  ALTER TABLE "TRABALHOBD"."TB_ATLETA_PROVA" MODIFY ("COD_PROVA" NOT NULL ENABLE);
  ALTER TABLE "TRABALHOBD"."TB_ATLETA_PROVA" MODIFY ("COD_ATLETA" NOT NULL ENABLE);
  ALTER TABLE "TRABALHOBD"."TB_ATLETA_PROVA" MODIFY ("COD_ATLETA_PROVA" NOT NULL ENABLE);
--------------------------------------------------------
--  Constraints for Table TB_ATLETA
--------------------------------------------------------

  ALTER TABLE "TRABALHOBD"."TB_ATLETA" ADD CONSTRAINT "PK_ATLETA" PRIMARY KEY ("COD_ATLETA")
  USING INDEX PCTFREE 10 INITRANS 2 MAXTRANS 255 COMPUTE STATISTICS 
  STORAGE(INITIAL 65536 NEXT 1048576 MINEXTENTS 1 MAXEXTENTS 2147483645
  PCTINCREASE 0 FREELISTS 1 FREELIST GROUPS 1 BUFFER_POOL DEFAULT FLASH_CACHE DEFAULT CELL_FLASH_CACHE DEFAULT)
  TABLESPACE "USERS"  ENABLE;
  ALTER TABLE "TRABALHOBD"."TB_ATLETA" MODIFY ("DT_INSCRICAO" NOT NULL ENABLE);
  ALTER TABLE "TRABALHOBD"."TB_ATLETA" MODIFY ("DT_NASCIMENTO" NOT NULL ENABLE);
  ALTER TABLE "TRABALHOBD"."TB_ATLETA" MODIFY ("CPF" NOT NULL ENABLE);
  ALTER TABLE "TRABALHOBD"."TB_ATLETA" MODIFY ("SEXO" NOT NULL ENABLE);
  ALTER TABLE "TRABALHOBD"."TB_ATLETA" MODIFY ("APELIDO" NOT NULL ENABLE);
  ALTER TABLE "TRABALHOBD"."TB_ATLETA" MODIFY ("NOME" NOT NULL ENABLE);
  ALTER TABLE "TRABALHOBD"."TB_ATLETA" MODIFY ("COD_MODALIDADE" NOT NULL ENABLE);
  ALTER TABLE "TRABALHOBD"."TB_ATLETA" MODIFY ("COD_ATLETA" NOT NULL ENABLE);
--------------------------------------------------------
--  Ref Constraints for Table TB_ATLETA
--------------------------------------------------------

  ALTER TABLE "TRABALHOBD"."TB_ATLETA" ADD CONSTRAINT "FK_ATLETAXMODALIDADE" FOREIGN KEY ("COD_MODALIDADE")
	  REFERENCES "TRABALHOBD"."TB_MODALIDADE" ("COD_MODALIDADE") ENABLE;
--------------------------------------------------------
--  Ref Constraints for Table TB_ATLETA_PROVA
--------------------------------------------------------

  ALTER TABLE "TRABALHOBD"."TB_ATLETA_PROVA" ADD CONSTRAINT "FK_ATLETAXPROVA" FOREIGN KEY ("COD_ATLETA")
	  REFERENCES "TRABALHOBD"."TB_ATLETA" ("COD_ATLETA") ENABLE;
  ALTER TABLE "TRABALHOBD"."TB_ATLETA_PROVA" ADD CONSTRAINT "FK_PROVAXATLETA" FOREIGN KEY ("COD_PROVA")
	  REFERENCES "TRABALHOBD"."TB_PROVA" ("COD_PROVA") ENABLE;
--------------------------------------------------------
--  Ref Constraints for Table TB_PROVA
--------------------------------------------------------

  ALTER TABLE "TRABALHOBD"."TB_PROVA" ADD CONSTRAINT "FK_PROVAXMODALIDADE" FOREIGN KEY ("COD_MODALIDADE")
	  REFERENCES "TRABALHOBD"."TB_MODALIDADE" ("COD_MODALIDADE") ENABLE;
